BLEU-1,BLEU-2,BLEU-4,ROUGE-L,Avg Inference Time (s)
0.2301665890263406,0.12638754583828388,0.04982265100457788,0.3368040947716031,5.101522613683513
