BLEU-1,BLEU-2,BLEU-4,ROUGE-L,Avg Inference Time (s)
0.24162012964808408,0.1382437286366763,0.056571726237132136,0.34114071996904616,4.61883483587769
