BLEU-1,BLEU-2,BLEU-4,ROUGE-L,Avg Inference Time (s)
0.1257629079080658,0.07977079365029759,0.036535486072170234,0.2800988578683195,2.3549474607477534
