BLEU-1,BLEU-2,BLEU-4,ROUGE-L,Avg Inference Time (s)
0.22550569620487712,0.12682114458780022,0.049937275998823215,0.3340780577331388,4.329914808273315
