epoch,train_loss,val_loss,lr,weight_decay
1,1.2047822628883862,0.7678102332469705,2e-05,0.01
2,0.6511480422884033,0.6107768049004016,2e-05,0.01
3,0.5347208992921287,0.5095899423027968,2e-05,0.01
4,0.4603800272896384,0.4450400903143666,2e-05,0.01
5,0.4131613954139326,0.40296907139482435,2e-05,0.01
