epoch,train_loss,val_loss,lr,weight_decay
14,0.2793860982100961,0.2992102351547642,2e-05,0.01
15,0.27233961373660664,0.3004049841532266,1e-05,0.015
16,0.2615187515448722,0.2962158235358437,1e-05,0.015
17,0.2568715739886839,0.2967457711624054,5e-06,0.0225
18,0.25060090373452265,0.2978745604853158,2.5e-06,0.03375
19,0.2465281154876455,0.2960184282308759,2.5e-06,0.03375
20,0.24473386114869553,0.30262929535313665,1.25e-06,0.050625
