BLEU-1,BLEU-2,BLEU-4,ROUGE-L,Avg Inference Time (s)
0.24136803609706123,0.13421217825710335,0.05552696748611912,0.3153088555064413,1.8674615170671531
