BLEU-1,BLEU-2,BLEU-4,ROUGE-L,Perplexity,Avg Inference Time (s)
0.24882060727899857,0.14475618936693,0.06502445306482062,0.3167876216164647,1.1660542488098145,5.242715208641606
