epoch,train_loss,val_loss,lr,weight_decay
1,0.0655290297988512,0.14859020644436022,2e-05,0.01
2,0.04559793034356765,0.15352114284435264,1e-05,0.015
3,0.02887658762999556,0.16008242614954324,5e-06,0.0225
4,0.0318624691576576,0.15777616897452768,2.5e-06,0.03375
5,0.02603168504708749,0.15922180292402188,1.25e-06,0.050625
