epoch,train_loss,val_loss
1,0.2741258789334664,0.1478278287746883
2,0.13350094114611674,0.13619101338282033
3,0.10758266112564567,0.1346889337815054
4,0.0861008929580075,0.13576772189517686
5,0.0677480581030552,0.14493985461530748
