epoch,train_loss,val_loss
1,0.22637686875872556,0.15520668246045516
2,0.13064082278129222,0.14397866647303492
3,0.10431190785156659,0.14487744722660487
4,0.08185544968114004,0.15264245281479769
5,0.06387252827558981,0.16154287155330568
