Model,BLEU-1,BLEU-2,BLEU-4,ROUGE-L,Avg Inference Time (s)
GPT-2,0.02046081494400564,0.0071720117779470564,0.002620781449473962,0.08079661627707634,3.191854402821456
