BLEU-1,BLEU-2,BLEU-4,ROUGE-L,Avg Inference Time (s)
0.1955872836633262,0.09862699784634313,0.03679614195339085,0.27893437691271566,1.2680139096907384
