Model,BLEU-1,BLEU-2,BLEU-4,ROUGE-L,Avg Inference Time (s)
BioGPT,0.2586466131945578,0.14728086787918582,0.051027518133014635,0.36323117352297174,0.9731618623181276
