Model,BLEU-1,BLEU-2,BLEU-4,ROUGE-L,Avg Inference Time (s)
BioGPT,0.05527903233761834,0.02398781571387512,0.009104621964418589,0.06220291717739735,0.7300941725577109
