Model,BLEU-1,BLEU-2,BLEU-4,ROUGE-L,Avg Inference Time (s)
Phi-2,0.04404523227214447,0.016097684146935732,0.005137134473242786,0.08008053268308747,82.00918519803376
