Model,BLEU-1,BLEU-2,BLEU-4,ROUGE-L,Avg Inference Time (s)
BioGPT-Large,0.033571145381416485,0.013688941908777322,0.004543735395534669,0.08468681848177254,6.4946814248296265
